Workbook
Name DatosExternos_1: sell_in!$A$1:$H$7
Name DatosExternos_1: sell_out!$A$1:$D$7

Sheet PORTADA
A1: CONSOLIDADO COMERCIAL - NUVA OXI
A2: Solo lectura. Se alimenta por Power Query desde CRM_NUVA_OXI.xlsx y BD_SELL_OUT_NUVA.xlsx. Actualizar: Datos > Actualizar todo.

Sheet sell_out
A1: ID_PDV | B1: SKU | C1: Uds_Vendidas | D1: Fuente
A2: D001 | B2: SKU-CAC-U | C2: 10 | D2: Reporte Cliente
A3: D002 | B3: SKU-MAN-U | C3: 6 | D3: Reporte Cliente
A4: P001 | B4: SKU-CAC-4 | C4: 4 | D4: Conteo Visita
A5: H001 | B5: SKU-MAN-4 | C5: 8 | D5: Reporte Cliente
A6: J001 | B6: SKU-FRU-4 | C6: 5 | D6: Portal Cencosud
A7: AN01 | B7: SKU-FRU-U | C7: 7 | D7: Conteo Visita

Sheet sell_in
A1: ID_Cliente | B1: ID_PDV | C1: SKU | D1: Uds | E1: Venta_Neta | F1: Margen | G1: Estado_Factura | H1: Fecha_Venc
A2: CL-DEL | B2: D001 | C2: SKU-CAC-U | D2: 12 | E2: 19160 | F2: 16160 | G2: Pagada | H2: 46057
A3: CL-DEL | B3: D002 | C3: SKU-MAN-U | D3: 8 | E3: 12773 | F3: 10773 | G3: Pagada | H3: 46058
A4: CL-ALN | B4: AN01 | C4: SKU-FRU-U | D4: 9 | E4: 14370 | F4: 12120 | G4: Emitida | H4: 46059
A5: CL-PIR | B5: P001 | C5: SKU-CAC-4 | D5: 5 | E5: 24790 | F5: 19790 | G5: Pagada | H5: 46061
A6: CL-RITZ | B6: H001 | C6: SKU-MAN-4 | D6: 8 | E6: 39664 | F6: 31664 | G6: Emitida | H6: 46064
A7: CL-CEN | B7: J001 | C7: SKU-FRU-4 | D7: 50 | E7: 247899 | F7: 197899 | G7: Emitida | H7: 46065

Sheet ANALISIS
A1: SELL-IN vs SELL-OUT vs ROTACION (por PDV)
A3: ID_PDV | B3: Sell_In_Uds | C3: Sell_Out_Uds | D3: Rotacion_% | E3: Venta_Neta_$ | F3: Proxy_Stock_Tienda
A4: D001 | B4: =SUMIF(sell_in!B:B,A4,sell_in!D:D) -> 12 | C4: =SUMIF(sell_out!A:A,A4,sell_out!C:C) -> 10 | D4: =IFERROR(C4/B4,0) -> 0.83333333 | E4: =SUMIF(sell_in!B:B,A4,sell_in!E:E) -> 19160 | F4: =B4-C4 -> 2
A5: D002 | B5: =SUMIF(sell_in!B:B,A5,sell_in!D:D) -> 8 | C5: =SUMIF(sell_out!A:A,A5,sell_out!C:C) -> 6 | D5: =IFERROR(C5/B5,0) -> 0.75 | E5: =SUMIF(sell_in!B:B,A5,sell_in!E:E) -> 12773 | F5: =B5-C5 -> 2
A6: AN01 | B6: =SUMIF(sell_in!B:B,A6,sell_in!D:D) -> 9 | C6: =SUMIF(sell_out!A:A,A6,sell_out!C:C) -> 7 | D6: =IFERROR(C6/B6,0) -> 0.77777778 | E6: =SUMIF(sell_in!B:B,A6,sell_in!E:E) -> 14370 | F6: =B6-C6 -> 2
A7: CO01 | B7: =SUMIF(sell_in!B:B,A7,sell_in!D:D) -> 0 | C7: =SUMIF(sell_out!A:A,A7,sell_out!C:C) -> 0 | D7: =IFERROR(C7/B7,0) -> 0 | E7: =SUMIF(sell_in!B:B,A7,sell_in!E:E) -> 0 | F7: =B7-C7 -> 0
A8: P001 | B8: =SUMIF(sell_in!B:B,A8,sell_in!D:D) -> 5 | C8: =SUMIF(sell_out!A:A,A8,sell_out!C:C) -> 4 | D8: =IFERROR(C8/B8,0) -> 0.8 | E8: =SUMIF(sell_in!B:B,A8,sell_in!E:E) -> 24790 | F8: =B8-C8 -> 1
A9: H001 | B9: =SUMIF(sell_in!B:B,A9,sell_in!D:D) -> 8 | C9: =SUMIF(sell_out!A:A,A9,sell_out!C:C) -> 8 | D9: =IFERROR(C9/B9,0) -> 1 | E9: =SUMIF(sell_in!B:B,A9,sell_in!E:E) -> 39664 | F9: =B9-C9 -> 0
A10: J001 | B10: =SUMIF(sell_in!B:B,A10,sell_in!D:D) -> 50 | C10: =SUMIF(sell_out!A:A,A10,sell_out!C:C) -> 5 | D10: =IFERROR(C10/B10,0) -> 0.1 | E10: =SUMIF(sell_in!B:B,A10,sell_in!E:E) -> 247899 | F10: =B10-C10 -> 45
A11: F001 | B11: =SUMIF(sell_in!B:B,A11,sell_in!D:D) -> 0 | C11: =SUMIF(sell_out!A:A,A11,sell_out!C:C) -> 0 | D11: =IFERROR(C11/B11,0) -> 0 | E11: =SUMIF(sell_in!B:B,A11,sell_in!E:E) -> 0 | F11: =B11-C11 -> 0
A12: TOTAL | B12: =SUM(B4:B11) -> 92 | C12: =SUM(C4:C11) -> 40 | E12: =SUM(E4:E11) -> 358656
A14: CxC AGING (facturas Emitidas)
A15: Tramo | B15: Monto $
A16: Por vencer (<=30d) | B16: =SUMIFS(sell_in!E:E,sell_in!G:G,"Emitida",sell_in!H:H,">="&TODAY()) -> 0
A17: Vencida 1-30d | B17: =SUMIFS(sell_in!E:E,sell_in!G:G,"Emitida",sell_in!H:H,"<"&TODAY(),sell_in!H:H,">="&TODAY()-30) -> 0
A18: Vencida +30d | B18: =SUMIFS(sell_in!E:E,sell_in!G:G,"Emitida",sell_in!H:H,"<"&(TODAY()-30)) -> 301933
