Workbook
Name DatosExternos_1: ref_PDV!$A$1:$D$24
Name DatosExternos_1: ref_SKU!$A$1:$C$7
Name DatosExternos_1: ventas_crm!$A$1:$C$7

Sheet INVENTARIO_PDV
A1: ID_PDV | B1: SKU | C1: Stock_Inicial | D1: Vendido | E1: Disponible | F1: Vel_Venta_sem | G1: Semanas_Rest | H1: Alerta
A2: D001 | B2: SKU-CAC-U | C2: 12 | D2: =SUMIFS(ventas_crm!C:C,ventas_crm!A:A,A2,ventas_crm!B:B,B2) -> 12 | E2: =C2-D2 -> 0 | F2: 3 | G2: =IFERROR(E2/F2,0) -> 0 | H2: =IF(G2<2,"REPONER",IF(E2<=0,"QUIEBRE","OK")) -> REPONER
A3: D002 | B3: SKU-MAN-U | C3: 8 | D3: =SUMIFS(ventas_crm!C:C,ventas_crm!A:A,A3,ventas_crm!B:B,B3) -> 8 | E3: =C3-D3 -> 0 | F3: 3 | G3: =IFERROR(E3/F3,0) -> 0 | H3: =IF(G3<2,"REPONER",IF(E3<=0,"QUIEBRE","OK")) -> REPONER
A4: AN01 | B4: SKU-FRU-U | C4: 9 | D4: =SUMIFS(ventas_crm!C:C,ventas_crm!A:A,A4,ventas_crm!B:B,B4) -> 9 | E4: =C4-D4 -> 0 | F4: 2 | G4: =IFERROR(E4/F4,0) -> 0 | H4: =IF(G4<2,"REPONER",IF(E4<=0,"QUIEBRE","OK")) -> REPONER
A5: P001 | B5: SKU-CAC-4 | C5: 5 | D5: =SUMIFS(ventas_crm!C:C,ventas_crm!A:A,A5,ventas_crm!B:B,B5) -> 5 | E5: =C5-D5 -> 0 | F5: 2 | G5: =IFERROR(E5/F5,0) -> 0 | H5: =IF(G5<2,"REPONER",IF(E5<=0,"QUIEBRE","OK")) -> REPONER
A6: H001 | B6: SKU-MAN-4 | C6: 10 | D6: =SUMIFS(ventas_crm!C:C,ventas_crm!A:A,A6,ventas_crm!B:B,B6) -> 8 | E6: =C6-D6 -> 2 | F6: 2 | G6: =IFERROR(E6/F6,0) -> 1 | H6: =IF(G6<2,"REPONER",IF(E6<=0,"QUIEBRE","OK")) -> REPONER
A7: J001 | B7: SKU-FRU-4 | C7: 60 | D7: =SUMIFS(ventas_crm!C:C,ventas_crm!A:A,A7,ventas_crm!B:B,B7) -> 50 | E7: =C7-D7 -> 10 | F7: 5 | G7: =IFERROR(E7/F7,0) -> 2 | H7: =IF(G7<2,"REPONER",IF(E7<=0,"QUIEBRE","OK")) -> OK

Sheet MOVIMIENTOS
A1: Fecha | B1: Tipo | C1: ID_PDV | D1: SKU | E1: Uds | F1: Motivo | G1: Resp
A2: 46235 | B2: Entrada | C2: J001 | D2: SKU-FRU-4 | E2: 60 | F2: Stock inicial Jumbo | G2: Jose Ignacio
A3: 46239 | B3: Salida | C3: J001 | D3: SKU-FRU-4 | E3: 50 | F3: Despacho OC-88231 | G3: Jose Ignacio
A4: 46244 | B4: Ajuste | C4: D001 | D4: SKU-CAC-U | E4: -1 | F4: Merma | G4: Ana Barra

Sheet STOCK_CANAL
A1: SKU | B1: Stock_Total | C1: Asignado_Jumbo | D1: Asignado_Ruta | E1: Stock_Seguridad | F1: Comprometido | G1: Disponible | H1: Punto_Repos | I1: Alerta
A2: SKU-CAC-U | B2: 200 | C2: 120 | D2: 60 | E2: 20 | F2: 0 | G2: =B2-C2-D2-E2-F2 -> 0 | H2: 30 | I2: =IF(G2<=0,"QUIEBRE",IF(G2<=H2,"BAJO","OK")) -> QUIEBRE
A3: SKU-MAN-U | B3: 200 | C3: 120 | D3: 60 | E3: 20 | F3: 0 | G3: =B3-C3-D3-E3-F3 -> 0 | H3: 30 | I3: =IF(G3<=0,"QUIEBRE",IF(G3<=H3,"BAJO","OK")) -> QUIEBRE
A4: SKU-FRU-U | B4: 200 | C4: 120 | D4: 60 | E4: 20 | F4: 0 | G4: =B4-C4-D4-E4-F4 -> 0 | H4: 30 | I4: =IF(G4<=0,"QUIEBRE",IF(G4<=H4,"BAJO","OK")) -> QUIEBRE
A5: SKU-CAC-4 | B5: 200 | C5: 120 | D5: 60 | E5: 20 | F5: 0 | G5: =B5-C5-D5-E5-F5 -> 0 | H5: 30 | I5: =IF(G5<=0,"QUIEBRE",IF(G5<=H5,"BAJO","OK")) -> QUIEBRE
A6: SKU-MAN-4 | B6: 200 | C6: 120 | D6: 60 | E6: 20 | F6: 0 | G6: =B6-C6-D6-E6-F6 -> 0 | H6: 30 | I6: =IF(G6<=0,"QUIEBRE",IF(G6<=H6,"BAJO","OK")) -> QUIEBRE
A7: SKU-FRU-4 | B7: 200 | C7: 120 | D7: 60 | E7: 20 | F7: 0 | G7: =B7-C7-D7-E7-F7 -> 0 | H7: 30 | I7: =IF(G7<=0,"QUIEBRE",IF(G7<=H7,"BAJO","OK")) -> QUIEBRE

Sheet ref_SKU
A1: SKU | B1: Descripcion | C1: Formato
A2: SKU-CAC-U | B2: Barra Cacao 40g | C2: Unitaria
A3: SKU-MAN-U | B3: Barra Mani 40g | C3: Unitaria
A4: SKU-FRU-U | B4: Barra Frutal 40g | C4: Unitaria
A5: SKU-CAC-4 | B5: Estuche Cacao x4 | C5: Estuche x4
A6: SKU-MAN-4 | B6: Estuche Mani x4 | C6: Estuche x4
A7: SKU-FRU-4 | B7: Estuche Frutal x4 | C7: Estuche x4

Sheet ref_PDV
A1: ID_PDV | B1: Nombre_PDV | C1: Resp | D1: Estado
A2: J001 | B2: Jumbo Parque Arauco | C2: Jose Ignacio | D2: Activo
A3: J002 | B3: Jumbo Alto Las Condes | C3: Jose Ignacio | D3: Activo
A4: J003 | B4: Jumbo Kennedy | C4: Jose Ignacio | D4: Activo
A5: J004 | B5: Jumbo Bilbao | C5: Jose Ignacio | D5: Activo
A6: J005 | B6: Jumbo Los Dominicos | C6: Jose Ignacio | D6: Activo
A7: J006 | B7: Jumbo Portal La Reina | C7: Jose Ignacio | D7: Activo
A8: J007 | B8: Jumbo La Florida | C8: Jose Ignacio | D8: Activo
A9: J008 | B9: Jumbo Maipu | C9: Jose Ignacio | D9: Activo
A10: J009 | B10: Jumbo Vespucio | C10: Jose Ignacio | D10: Activo
A11: J010 | B11: Jumbo Costanera Center | C11: Jose Ignacio | D11: Activo
A12: J011 | B12: Jumbo Nunoa | C12: Jose Ignacio | D12: Activo
... A24: H001 | B24: Ritz-Carlton Santiago | C24: Jose Ignacio | D24: Activo

Sheet ventas_crm
A1: ID_PDV | B1: SKU | C1: Uds
A2: D001 | B2: SKU-CAC-U | C2: 12
A3: D002 | B3: SKU-MAN-U | C3: 8
A4: AN01 | B4: SKU-FRU-U | C4: 9
A5: P001 | B5: SKU-CAC-4 | C5: 5
A6: H001 | B6: SKU-MAN-4 | C6: 8
A7: J001 | B7: SKU-FRU-4 | C7: 50
